{
    "cost_ms": 185,
    "error_code": 0,
    "results": [
        {
            "confidence": 0.80058950185775757,
            "frame": 2,
            "index": 0,
            "label": "helmat",
            "location": {
                "height": 39,
                "left": 272,
                "top": 45,
                "width": 58
            },
            "name": "helmat",
            "score": 0.80058950185775757,
            "trackId": 356428288,
            "x1": 0.68210649490356445,
            "x2": 0.82785403728485107,
            "y1": 0.17186655104160309,
            "y2": 0.32146173715591431
        },
        {
            "confidence": 0.61972266435623169,
            "frame": 2,
            "index": 0,
            "label": "helmat",
            "location": {
                "height": 37,
                "left": 86,
                "top": 11,
                "width": 34
            },
            "name": "helmat",
            "score": 0.61972266435623169,
            "trackId": 356428288,
            "x1": 0.21512593328952789,
            "x2": 0.30019363760948181,
            "y1": 0.044173039495944977,
            "y2": 0.18329343199729919
        },
        {
            "confidence": 0.56568747758865356,
            "frame": 2,
            "index": 0,
            "label": "helmat",
            "location": {
                "height": 17,
                "left": 302,
                "top": 1,
                "width": 35
            },
            "name": "helmat",
            "score": 0.56568747758865356,
            "trackId": 356428288,
            "x1": 0.75557547807693481,
            "x2": 0.84458416700363159,
            "y1": 0.0059775486588478088,
            "y2": 0.071006283164024353
        }
    ]
}